{
  "username": "demo_user",
  "headline": "Full Stack Developer | AI Enthusiast",
  "about": "A passionate developer with expertise in building scalable web applications and AI-powered systems.",
  "skills": ["Python", "React", "FastAPI", "Machine Learning"],
  "projects": [
    {
      "name": "Portify",
      "description": "AI-powered portfolio generator that transforms GitHub profiles into recruiter-ready websites.",
      "stars": 12,
      "url": "https://github.com/demo/portify"
    }
  ],
  "ats_score": 85
}
